INCHI_KEY,UNIPROT_ID,COMPOUND_SMILES,PROTEIN_SEQUENCE,REG_LABEL,CLF_GE_6-5_LABEL
CDMGBJANTYXAIV-UHFFFAOYSA-N,O14976,Fc1ccc(cc1)c1nc([nH]c1c1ccncc1)c1ccc(cc1)[S+](C)[O-],MSLLQSALDFLAGPGSLGGASGRDQSDFVGQTVELGELRLRVRRVLAEGGFAFVYEAQDVGSGREYALKRLLSNEEEKNRAIIQEVCFMKKLSGHPNIVQFCSAASIGKEESDTGQAEFLLLTELCKGQLVEFLKKMESRGPLSCDTVLKIFYQTCRAVQHMHRQKPPIIHRDLKVENLLLSNQGTIKLCDFGSATTISHYPDYSWSAQRRALVEEEITRNTTPMYRTPEIIDLYSNFPIGEKQDIWALGCILYLLCFRQHPFEDGAKLRIVNGKYSIPPHDTQYTVFHSLIRAMLQVNPEERLSIAEVVHQLQEIAAARNVNPKSPITELLEQNGGYGSATLSRGPPPPVGPAGSGYSGGLALAEYDQPYGGFLDILRGGTERLFTNLKDTSSKVIQSVANYAKGDLDISYITSRIAVMSFPAEGVESALKNNIEDVRLFLDSKHPGHYAVYNLSPRTYRPSRFHNRVSECGWAARRAPHLHTLYNICRNMHAWLRQDHKNVCVVHCMDGRAASAVAVCSFLCFCRLFSTAEAAVYMFSMKRCPPGIWPSHKRYIEYMCDMVAEEPITPHSKPILVRAVVMTPVPLFSKQRSGCRPFCEVYVGDERVASTSQEYDKMRDFKIEDGKAVIPLGVTVQGDVLIVIYHARSTLGGRLQAKMASMKMFQIQFHTGFVPRNATTVKFAKYDLDACDIQEKYPDLFQVNLEVEVEPRDRPSREAPPWENSSMRGLNPKILFSSREEQQDILSKFGKPELPRQPGSTAQYDAGAGSPEAEPTDSDSPPSSSADASRFLHTLDWQEEKEAETGAENASSKESESALMEDRDESEVSDEGGSPISSEGQEPRADPEPPGLAAGLVQQDLVFEVETPAVLPEPVPQEDGVDLLGLHSEVGAGPAVPPQACKAPSSNTDLLSCLLGPPEAASQGPPEDLLSEDPLLLASPAPPLSVQSTPRGGPPAAADPFGPLLPSSGNNSQPCSNPDLFGEFLNSDSVTVPPSFPSAHSAPPPSCSADFLHLGDLPGEPSKMTASSSNPDLLGGWAAWTETAASAVAPTPATEGPLFSPGGQPAPCGSQASWTKSQNPDPFADLGDLSSGLQGSPAGFPPGGFIPKTATTPKGSSSWQTSRPPAQGASWPPQAKPPPKACTQPRPNYASNFSVIGAREERGVRAPSFAQKPKVSENDFEDLLSNQGFSSRSDKKGPKTIAEMRKQDLAKDTDPLKLKLLDWIEGKERNIRALLSTLHTVLWDGESRWTPVGMADLVAPEQVKKHYRRAVLAVHPDKAAGQPYEQHAKMIFMELNDAWSEFENQGSRPLF,6.92425,1
CDMGBJANTYXAIV-UHFFFAOYSA-N,O70528,Fc1ccc(cc1)c1nc([nH]c1c1ccncc1)c1ccc(cc1)[S+](C)[O-],MDKLDANVSSKEGFGSVEKVVLLTFLSAVILMAILGNLLVMVAVCRDRQLRKIKTNYFIVSLAFADLLVSVLVMPFGAIELVQDIWVYGEMFCLVRTSLDVLLTTASIFHLCCISLDRYYAICCQPLVYRNKMTPLRIALMLGGCWVIPMFISFLPIMQGWNNIGIVDLIEKRKFNQNSNSTYCVFMVNKPYAITCSVVAFYIPFLLMVLAYYRIYVTAKEHARQIQVLQRAGAPAEGRPQPADQHSTHRMRTETKAAKTLCIIMGCFCLCWAPFFVTNIVDPFIDYTVPGQLWTAFLWLGYINSGLNPFLYAFLNKSFRRAFLIILCCDDERYRRPSILGQTVPCSTTTINGSTHVLRDTVECGGQWESQCHPAASSPLVAAQPIDT,4.9766,0
CDMGBJANTYXAIV-UHFFFAOYSA-N,O76074,Fc1ccc(cc1)c1nc([nH]c1c1ccncc1)c1ccc(cc1)[S+](C)[O-],MERAGPSFGQQRQQQQPQQQKQQQRDQDSVEAWLDDHWDFTFSYFVRKATREMVNAWFAERVHTIPVCKEGIRGHTESCSCPLQQSPRADNSAPGTPTRKISASEFDRPLRPIVVKDSEGTVSFLSDSEKKEQMPLTPPRFDHDEGDQCSRLLELVKDISSHLDVTALCHKIFLHIHGLISADRYSLFLVCEDSSNDKFLISRLFDVAEGSTLEEVSNNCIRLEWNKGIVGHVAALGEPLNIKDAYEDPRFNAEVDQITGYKTQSILCMPIKNHREEVVGVAQAINKKSGNGGTFTEKDEKDFAAYLAFCGIVLHNAQLYETSLLENKRNQVLLDLASLIFEEQQSLEVILKKIAATIISFMQVQKCTIFIVDEDCSDSFSSVFHMECEELEKSSDTLTREHDANKINYMYAQYVKNTMEPLNIPDVSKDKRFPWTTENTGNVNQQCIRSLLCTPIKNGKKNKVIGVCQLVNKMEENTGKVKPFNRNDEQFLEAFVIFCGLGIQNTQMYEAVERAMAKQMVTLEVLSYHASAAEEETRELQSLAAAVVPSAQTLKITDFSFSDFELSDLETALCTIRMFTDLNLVQNFQMKHEVLCRWILSVKKNYRKNVAYHNWRHAFNTAQCMFAALKAGKIQNKLTDLEILALLIAALSHDLDHRGVNNSYIQRSEHPLAQLYCHSIMEHHHFDQCLMILNSPGNQILSGLSIEEYKTTLKIIKQAILATDLALYIKRRGEFFELIRKNQFNLEDPHQKELFLAMLMTACDLSAITKPWPIQQRIAELVATEFFDQGDRERKELNIEPTDLMNREKKNKIPSMQVGFIDAICLQLYEALTHVSEDCFPLLDGCRKNRQKWQALAEQQEKMLINGESGQAKRN,4.9402,0
CDMGBJANTYXAIV-UHFFFAOYSA-N,P00533,Fc1ccc(cc1)c1nc([nH]c1c1ccncc1)c1ccc(cc1)[S+](C)[O-],MRPSGTAGAALLALLAALCPASRALEEKKVCQGTSNKLTQLGTFEDHFLSLQRMFNNCEVVLGNLEITYVQRNYDLSFLKTIQEVAGYVLIALNTVERIPLENLQIIRGNMYYENSYALAVLSNYDANKTGLKELPMRNLQEILHGAVRFSNNPALCNVESIQWRDIVSSDFLSNMSMDFQNHLGSCQKCDPSCPNGSCWGAGEENCQKLTKIICAQQCSGRCRGKSPSDCCHNQCAAGCTGPRESDCLVCRKFRDEATCKDTCPPLMLYNPTTYQMDVNPEGKYSFGATCVKKCPRNYVVTDHGSCVRACGADSYEMEEDGVRKCKKCEGPCRKVCNGIGIGEFKDSLSINATNIKHFKNCTSISGDLHILPVAFRGDSFTHTPPLDPQELDILKTVKEITGFLLIQAWPENRTDLHAFENLEIIRGRTKQHGQFSLAVVSLNITSLGLRSLKEISDGDVIISGNKNLCYANTINWKKLFGTSGQKTKIISNRGENSCKATGQVCHALCSPEGCWGPEPRDCVSCRNVSRGRECVDKCNLLEGEPREFVENSECIQCHPECLPQAMNITCTGRGPDNCIQCAHYIDGPHCVKTCPAGVMGENNTLVWKYADAGHVCHLCHPNCTYGCTGPGLEGCPTNGPKIPSIATGMVGALLLLLVVALGIGLFMRRRHIVRKRTLRRLLQERELVEPLTPSGEAPNQALLRILKETEFKKIKVLGSGAFGTVYKGLWIPEGEKVKIPVAIKELREATSPKANKEILDEAYVMASVDNPHVCRLLGICLTSTVQLITQLMPFGCLLDYVREHKDNIGSQYLLNWCVQIAKGMNYLEDRRLVHRDLAARNVLVKTPQHVKITDFGLAKLLGAEEKEYHAEGGKVPIKWMALESILHRIYTHQSDVWSYGVTVWELMTFGSKPYDGIPASEISSILEKGERLPQPPICTIDVYMIMVKCWMIDADSRPKFRELIIEFSKMARDPQRYLVIQGDERMHLPSPTDSNFYRALMDEEDMDDVVDADEYLIPQQGFFSSPSTSRTPLLSSLSATSNNSTVACIDRNGLQSCPIKEDSFLQRYSSDPTGALTEDSIDDTFLPVPEYINQSVPKRPAGSVQNPVYHNQPLNPAPSRDPHYQDPHSTAVGNPEYLNTVQPTCVNSTFDSPAHWAQKGSHQISLDNPDYQQDFFPKEAKPNGIFKGSTAENAEYLRVAPQSSEFIGA,4.0177,0
CDMGBJANTYXAIV-UHFFFAOYSA-N,P04049,Fc1ccc(cc1)c1nc([nH]c1c1ccncc1)c1ccc(cc1)[S+](C)[O-],MEHIQGAWKTISNGFGFKDAVFDGSSCISPTIVQQFGYQRRASDDGKLTDPSKTSNTIRVFLPNKQRTVVNVRNGMSLHDCLMKALKVRGLQPECCAVFRLLHEHKGKKARLDWNTDAASLIGEELQVDFLDHVPLTTHNFARKTFLKLAFCDICQKFLLNGFRCQTCGYKFHEHCSTKVPTMCVDWSNIRQLLLFPNSTIGDSGVPALPSLTMRRMRESVSRMPVSSQHRYSTPHAFTFNTSSPSSEGSLSQRQRSTSTPNVHMVSTTLPVDSRMIEDAIRSHSESASPSALSSSPNNLSPTGWSQPKTPVPAQRERAPVSGTQEKNKIRPRGQRDSSYYWEIEASEVMLSTRIGSGSFGTVYKGKWHGDVAVKILKVVDPTPEQFQAFRNEVAVLRKTRHVNILLFMGYMTKDNLAIVTQWCEGSSLYKHLHVQETKFQMFQLIDIARQTAQGMDYLHAKNIIHRDMKSNNIFLHEGLTVKIGDFGLATVKSRWSGSQQVEQPTGSVLWMAPEVIRMQDNNPFSFQSDVYSYGIVLYELMTGELPYSHINNRDQIIFMVGRGYASPDLSKLYKNCPKAMKRLVADCVKKVKEERPLFPQILSSIELLQHSLPKINRSASEPSLHRAAHTEDINACTLTTSPRLPVF,6.45665,0
CDMGBJANTYXAIV-UHFFFAOYSA-N,P06239,Fc1ccc(cc1)c1nc([nH]c1c1ccncc1)c1ccc(cc1)[S+](C)[O-],MGCGCSSHPEDDWMENIDVCENCHYPIVPLDGKGTLLIRNGSEVRDPLVTYEGSNPPASPLQDNLVIALHSYEPSHDGDLGFEKGEQLRILEQSGEWWKAQSLTTGQEGFIPFNFVAKANSLEPEPWFFKNLSRKDAERQLLAPGNTHGSFLIRESESTAGSFSLSVRDFDQNQGEVVKHYKIRNLDNGGFYISPRITFPGLHELVRHYTNASDGLCTRLSRPCQTQKPQKPWWEDEWEVPRETLKLVERLGAGQFGEVWMGYYNGHTKVAVKSLKQGSMSPDAFLAEANLMKQLQHQRLVRLYAVVTQEPIYIITEYMENGSLVDFLKTPSGIKLTINKLLDMAAQIAEGMAFIEERNYIHRDLRAANILVSDTLSCKIADFGLARLIEDNEYTAREGAKFPIKWTAPEAINYGTFTIKSDVWSFGILLTEIVTHGRIPYPGMTNPEVIQNLERGYRMVRPDNCPEELYQLMRLCWKERPEDRPTFDYLRSVLEDFFTATEGQYQPQP,5.4622,0
CDMGBJANTYXAIV-UHFFFAOYSA-N,P09917,Fc1ccc(cc1)c1nc([nH]c1c1ccncc1)c1ccc(cc1)[S+](C)[O-],MPSYTVTVATGSQWFAGTDDYIYLSLVGSAGCSEKHLLDKPFYNDFERGAVDSYDVTVDEELGEIQLVRIEKRKYWLNDDWYLKYITLKTPHGDYIEFPCYRWITGDVEVVLRDGRAKLARDDQIHILKQHRRKELETRQKQYRWMEWNPGFPLSIDAKCHKDLPRDIQFDSEKGVDFVLNYSKAMENLFINRFMHMFQSSWNDFADFEKIFVKISNTISERVMNHWQEDLMFGYQFLNGCNPVLIRRCTELPEKLPVTTEMVECSLERQLSLEQEVQQGNIFIVDFELLDGIDANKTDPCTLQFLAAPICLLYKNLANKIVPIAIQLNQIPGDENPIFLPSDAKYDWLLAKIWVRSSDFHVHQTITHLLRTHLVSEVFGIAMYRQLPAVHPIFKLLVAHVRFTIAINTKAREQLICECGLFDKANATGGGGHVQMVQRAMKDLTYASLCFPEAIKARGMESKEDIPYYFYRDDGLLVWEAIRTFTAEVVDIYYEGDQVVEEDPELQDFVNDVYVYGMRGRKSSGFPKSVKSREQLSEYLTVVIFTASAQHAAVNFGQYDWCSWIPNAPPTMRAPPPTAKGVVTIEQIVDTLPDRGRSCWHLGAVWALSQFQENELFLGMYPEEHFIEKPVKEAMARFRKNLEAIVSVIAERNKKKQLPYYYLSPDRIPNSVAI,7.0969,1
CDMGBJANTYXAIV-UHFFFAOYSA-N,P11229,Fc1ccc(cc1)c1nc([nH]c1c1ccncc1)c1ccc(cc1)[S+](C)[O-],MNTSAPPAVSPNITVLAPGKGPWQVAFIGITTGLLSLATVTGNLLVLISFKVNTELKTVNNYFLLSLACADLIIGTFSMNLYTTYLLMGHWALGTLACDLWLALDYVASNASVMNLLLISFDRYFSVTRPLSYRAKRTPRRAALMIGLAWLVSFVLWAPAILFWQYLVGERTVLAGQCYIQFLSQPIITFGTAMAAFYLPVTVMCTLYWRIYRETENRARELAALQGSETPGKGGGSSSSSERSQPGAEGSPETPPGRCCRCCRAPRLLQAYSWKEEEEEDEGSMESLTSSEGEEPGSEVVIKMPMVDPEAQAPTKQPPRSSPNTVKRPTKKGRDRAGKGQKPRGKEQLAKRKTFSLVKEKKAARTLSAILLAFILTWTPYNIMVLVSTFCKDCVPETLWELGYWLCYVNSTINPMCYALCNKAFRDTFRLLLLCRWDKRRWRKIPKRPGSVHRTPSRQC,4.9719999999999995,0
CDMGBJANTYXAIV-UHFFFAOYSA-N,P12931,Fc1ccc(cc1)c1nc([nH]c1c1ccncc1)c1ccc(cc1)[S+](C)[O-],MGSNKSKPKDASQRRRSLEPAENVHGAGGGAFPASQTPSKPASADGHRGPSAAFAPAAAEPKLFGGFNSSDTVTSPQRAGPLAGGVTTFVALYDYESRTETDLSFKKGERLQIVNNTEGDWWLAHSLSTGQTGYIPSNYVAPSDSIQAEEWYFGKITRRESERLLLNAENPRGTFLVRESETTKGAYCLSVSDFDNAKGLNVKHYKIRKLDSGGFYITSRTQFNSLQQLVAYYSKHADGLCHRLTTVCPTSKPQTQGLAKDAWEIPRESLRLEVKLGQGCFGEVWMGTWNGTTRVAIKTLKPGTMSPEAFLQEAQVMKKLRHEKLVQLYAVVSEEPIYIVTEYMSKGSLLDFLKGETGKYLRLPQLVDMAAQIASGMAYVERMNYVHRDLRAANILVGENLVCKVADFGLARLIEDNEYTARQGAKFPIKWTAPEAALYGRFTIKSDVWSFGILLTELTTKGRVPYPGMVNREVLDQVERGYRMPCPPECPESLHDLMCQCWRKEPEERPTFEYLQAFLEDYFTSTEPQYQPGENL,5.301,0
